{
   "zh": 0.005204048219336346,
   "zd": -0.001012454835374999,
   "ma": 0.00030586216229402116,
   "me": 0.0018025282350587167,
   "mp": 0.001959386675263323,
   "tf": -0.0003185287186356798,
   "co": -0.0032056588151351604,
   "df": 0.0016566074930552596,
   "fo": -0.0008668844359511615
}