{
   "zh": -5.4666624028849595,
   "zd": -0.7475153349728961,
   "co": -2.498277871807961,
   "np": -5.7609913003336315,
   "ma": -0.005488812501946459,
   "me": 0.02080255673639502,
   "tf": 0.01445472977001496,
   "df": -10.428717235556007,
   "fo": 0.7258842698615015
}